/*
SQLyog Ultimate v12.09 (64 bit)
MySQL - 5.0.27-community-nt : Database - exam
*********************************************************************
*/

/*!40101 SET NAMES utf8 */;

/*!40101 SET SQL_MODE=''*/;

/*!40014 SET @OLD_UNIQUE_CHECKS=@@UNIQUE_CHECKS, UNIQUE_CHECKS=0 */;
/*!40014 SET @OLD_FOREIGN_KEY_CHECKS=@@FOREIGN_KEY_CHECKS, FOREIGN_KEY_CHECKS=0 */;
/*!40101 SET @OLD_SQL_MODE=@@SQL_MODE, SQL_MODE='NO_AUTO_VALUE_ON_ZERO' */;
/*!40111 SET @OLD_SQL_NOTES=@@SQL_NOTES, SQL_NOTES=0 */;
CREATE DATABASE /*!32312 IF NOT EXISTS*/`exam` /*!40100 DEFAULT CHARACTER SET utf8 COLLATE utf8_unicode_ci */;

USE `exam`;

/*Table structure for table `tbl_exam` */

DROP TABLE IF EXISTS `tbl_exam`;

CREATE TABLE `tbl_exam` (
  `exam_id` int(32) NOT NULL auto_increment,
  `exam_type` varchar(255) default NULL,
  `is_use` varchar(255) default NULL,
  `is_radio` varchar(255) default NULL,
  `exam_detail` varchar(255) default NULL,
  `choise_a` varchar(255) default NULL,
  `choise_b` varchar(255) default NULL,
  `choise_c` varchar(255) default NULL,
  `choise_d` varchar(255) default NULL,
  `answer` varchar(255) default NULL,
  `answer_detail` varchar(255) default NULL,
  `user_id` int(32) default NULL,
  PRIMARY KEY  (`exam_id`)
) ENGINE=InnoDB DEFAULT CHARSET=utf8;

/*Data for the table `tbl_exam` */

insert  into `tbl_exam`(`exam_id`,`exam_type`,`is_use`,`is_radio`,`exam_detail`,`choise_a`,`choise_b`,`choise_c`,`choise_d`,`answer`,`answer_detail`,`user_id`) values (1,'isv','不可用','单选','接口可以修改签约名吗?怎样修改?','可以,调进件接口','不可以','可以,商户信息修改接口','不可以,需要线下处理','C','接口没有修改签约名的权限,一般不推荐修改,建议重新进件,强烈要求的可以和商务沟通找业管修改',11),(2,'isv','不可用','单选','子商户进件的邮箱是唯一的吗,主要是什么作用','唯一的,需要登录子商户后台','不唯一,可以发邮件','唯一,主要是分账作用','不唯一,主要是分账','A','唯一,主要是分账作用',11),(3,'isv','不可用','单选','进件支持哪些证件类型?','营业执照','中国身份证','开户许可证','其他证件','B','支持中国身份证以及港澳台身份证类型',11),(4,'isv','不可用','多选','微信实名认证有哪几种入口?','微信商户后台下载小程序码认证','接口认证','商务发起流程','合利宝自动处理','ABCD','如答案所述',11),(5,'快捷','不可用','单选','什么是借贷合一卡？','同个姓名有两张卡','卡版上有1个卡号，同属于借记卡和信用卡','既具有存现金、理财投资等功能，又可享受透支消费、分期付款等功能','既具有存取现金、转账结算、理财投资等功能，又可享受透支消费、分期付款等功能。','C','卡版上有两个卡号，分别为借记卡和信用卡，既具有存取现金、转账结算',11),(6,'MPOS','不可用','单选','Pro实名认证年龄限制是多少？','18-59周岁','18-60周岁','18-59岁','18-60岁','B','入网年龄：18-60周岁',11),(7,'MPOS','不可用','多选','Pro交易时间段？','7:00-22:59','8:00-22:59','使用是芯片卡，完成一笔“刷卡-优享收款”的交易后7*24小时','使用是磁条卡，完成一笔“刷卡-优享收款”的交易后7*24小时','AC','PRO目前交易时间7：00-22：59，当满足以下条件后则可7*24小时交易。使用是芯片卡，完成一笔“刷卡-优享收款”的交易后7*24小时',11),(8,'isv','不可用','多选','个体工商户接口进件和非法人结算需提供的基本资料','营业执照','法人身份证正反面','结算账户指定书、结算卡正面照片','结算人身份证正反面','ABCD','如答案所述',11),(9,'isv','不可用','多选','如何查询子商户报备结果？','调用接口查询','我司客服查询','商户后台查询-子商户报备状态','商户后台-子商户信息查询','ABC','答案：ABC。商户后台-子商户菜单仅能查询子商户信息',11),(10,'isv','不可用','多选','主扫二维码有效期多久？','无限制','银联24小时','支付宝2小时','微信2小时','BCD','二维码有效期有时间限制。',11),(11,'MPOS','不可用','单选','线下运营管理系统支持查询MPOS客户黑明单？','支持，风控管理-商户冻结查询','支持，商户管理-商户信息查询','支持，MPOS-商户账户查询','不支持，客服无权限','A','A，无查询权限，需联系线下产品查询',11),(12,'isv','可用','单选','商户如何修改退款模式？','商户信息变更接口','商户发邮件给风控部修改','联系客户经理申请变更','在线提供资料给客服处理','C','C,联系客户经理申请变更',11),(13,'MPOS','可用','单选','MPOS不支持哪些展业地区？','河北，北京，甘肃，宁夏，青海，西藏，大连','北京，甘肃，宁夏，内蒙古，新疆，大连，河北','北京，甘肃，宁夏，青海，西藏，大连，河南，黑龙江','北京，甘肃，宁夏，青海，西藏，大连，湖南','B','B:北京，甘肃，宁夏，青海，西藏，大连，河北',11),(14,'isv','可用','多选','isv支付类型包含哪些（ ）','小程序支付','APP支付','公众号','刷卡','ABCD','ABCD,如答案所示',11),(15,'快捷','可用','多选','绑卡短信验证码有效期是多久？','建行是3分钟','光大是1分钟','其他是5分钟','工行是2分钟','ABC','ABC.详见快捷faq116',11),(16,'快捷','可用','多选','商户反馈账单跳地区，请从哪几个层面判断','渠道是60012','积分类型选优惠','上送对应地区码','积分类型选标准','ACD','ACD，渠道，积分类型，地区码',11),(17,'快捷','可用','单选','商户需要取消绑卡支付的验证码，在哪里设置？','取消短信验证码，商户等级低的不给予修改。','取消短信验证码需要我司商务协助走流程处理，取消之后，短信验证码传空就行。','设置方式:通过商户后台-产品查询配置；如商户等级低的不能取消短信验证码。','填短验是保证交易信息安全性，无法取消绑卡支付的验证码。','B','B,取消短信验证码需要我司商务协助走流程处理，取消之后，短信验证码传空就行。',11),(18,'快捷','可用','多选','商户表示未收到回调结果的原因？','非商户通知名单管理限制，交易状态失败。','是商户通知名单管理的黑名单。','快捷的回调参数格式：json。','每笔订单通知上限5次，半小时内完成，5次后就不再通知','ABCD','ABD,若有商户咨询收不到通知的，可先确认是否在黑名单内h和通知是否超过5次商户没有回调；快捷的回调是form格式，json是委贷格式',11),(19,'系统后台操作','可用','多选','商户后台证书下载返回：P10不可为空。如何设置?','IE浏览器（IE9以上）','选择浏览器工具--->Internet选项--->安全--->自定义级别，点击后， 1.选择启用-标记为可安全执行脚本的ActiveX控件执行脚本 2.提示对未标记为可安全执行脚本的ActiveX控件初始化并执行脚本 3.选择浏览器工具--->Internet选项--->安全可信站点，将当前的站点（http://customer.helipay.com）加入可信任站点 4.取消勾选：对该区域中的所有站点要求服务器验证。并将当前网站添加，并重新启动下IE浏览器，让设置生效','商户在商户自助服务平台申请证书【产品管理】【证书申请列表】','《商户后台证书下载指引文档》','ABCD','ABCD,如答案所述。',11),(20,'快捷','可用','多选','接收失败返回：结算卡与用户身份证信息不匹配，需要提供哪些查询信息去新boss哪个菜单核实？','用户号（userId）','用户身份证号（idCardNo）','用户姓名（payerName）','通过新boss“账户管理--商户用户账户查询，查询得到的信息与客户上送信息是否匹配。','ABCD','通过新boss“账户管理--商户用户账户查询，查询得到的信息与客户上送信息是否匹配。用户号（userId）用户身份证号（idCardNo）用户姓名（payerName）',11),(21,'快捷','可用','多选','用户身份证姓名修改后，商户重新发起交易失败原因？','修改名字后无重新绑卡。','重新绑卡后生成新useID。','重新绑卡后传旧的bindid。','商户后台重新上传useID，bindid。','ABC','ABC用户用新的姓名重新绑卡（注意userid不要变更），商户技术 获取新返回的bindid，然后调CreditCardRepayment接口时，传新的bindid即可',11),(22,'线上产品','可用','多选','致电客服热线反馈APP蓝鲸属于代还软件，以下哪些指引是正确的？','先确认客户是否注册使用这个软件','该产品不涉及代还的功能，确认是通过什么哪里确认涉及了代还。','未提供注册资料，客服承认是我司产品，收集客户信息通过邮件发送liuxing@helipay.com;denghaifang@heipay.com.','收集客户信息（证件号、手机号、全名）以及具体问题','ABD','ABD',11),(23,'isv','可用','多选','微信实名认证返回“待认证”，如何指引呢','先核实返回信息，判断返回是需要修改还是补充资料','如需修改资料的调用商户信息修改接口','缺资质的调上传资质接口补充资料','在调用“重新发起认证”接口进行重新认证','ABCD','ABCD。详见isvFAQ指引',11),(24,'快捷','可用','多选','以下哪些银行不支持绑卡迁移（）','兴业借贷记卡','农行借记卡','农行贷记卡','邮储借贷记','ACD','ACD,绑卡迁移，不支持邮储借贷记、农行贷记卡、兴业借贷记卡。',11),(25,'快捷','可用','多选','以下哪些符合发起调单要求？','当日的交易，已提供银行出具的交易流水明细，含纸质账单','非当日的交易，系统订单显示成功，已提供银行出具的交易流水明细，含纸质账单、手机银行流水、网银流水，系统显示的状态与用户流水显示金额出入不相符','非当日的交易，系统订单显示失败，实际扣款成功，已提供银行出具的交易流水明细','非当日的交易，系统订单显示成功，商户提供手机扣款短信，需要我司向银行发起调单核查','BC','BC,详见知识库——调单处理步骤',11);

/*Table structure for table `tbl_paper` */

DROP TABLE IF EXISTS `tbl_paper`;

CREATE TABLE `tbl_paper` (
  `paper_id` int(32) NOT NULL auto_increment,
  `paper_type` varchar(255) default NULL,
  `startTime` varchar(255) default NULL,
  `radioTime` varchar(25) default NULL,
  `endTime` varchar(255) default NULL,
  `mark` int(11) default NULL,
  `userId` int(32) default NULL,
  PRIMARY KEY  (`paper_id`),
  KEY `user_id` (`userId`),
  CONSTRAINT `tbl_paper_ibfk1` FOREIGN KEY (`userId`) REFERENCES `tbl_user` (`user_id`)
) ENGINE=InnoDB DEFAULT CHARSET=utf8;

/*Data for the table `tbl_paper` */

insert  into `tbl_paper`(`paper_id`,`paper_type`,`startTime`,`radioTime`,`endTime`,`mark`,`userId`) values (45,'isv','2019-10-29 10:06:27','2019-10-29 10:16:23','2019-10-29 10:17:36',8,16),(46,'isv','2019-10-30 12:59:49','2019-10-30 13:16:00','2019-10-30 13:35:28',32,30),(47,'isv','2019-10-30 18:40:46','2019-10-30 18:58:12','2019-10-30 19:18:14',48,29),(48,'isv','2019-10-30 19:12:57','2019-10-30 19:21:43','2019-10-30 19:41:45',64,21),(49,'isv','2019-10-30 22:02:14','2019-10-30 22:20:01','2019-10-30 22:39:39',56,28),(50,'isv','2019-10-30 22:54:25','2019-10-30 23:14:27','2019-10-30 23:34:29',64,18),(51,'isv','2019-10-30 22:54:25',NULL,NULL,0,26),(52,'isv','2019-10-31 00:24:24','2019-10-31 00:33:12','2019-10-31 00:53:14',64,20),(53,'isv','2019-10-31 06:43:52','2019-10-31 06:47:00','2019-10-31 07:00:41',56,27),(54,'isv','2019-10-31 14:10:48','2019-10-31 14:19:22','2019-10-31 14:35:42',48,22),(55,'isv','2019-10-31 16:04:58','2019-10-31 16:21:29','2019-10-31 16:41:30',76,19),(56,'isv','2019-10-31 18:32:37','2019-10-31 18:40:49','2019-10-31 19:00:01',72,25),(57,'isv','2019-10-31 19:06:17','2019-10-31 19:08:31','2019-10-31 19:19:50',52,32),(58,'isv','2019-10-31 23:08:39','2019-10-31 23:16:00','2019-10-31 23:31:35',60,24),(59,'isv','2019-10-31 23:39:15','2019-10-31 23:59:16','2019-11-01 00:19:18',52,23);

/*Table structure for table `tbl_title` */

DROP TABLE IF EXISTS `tbl_title`;

CREATE TABLE `tbl_title` (
  `title_id` int(11) NOT NULL auto_increment,
  `title_result` varchar(255) collate utf8_unicode_ci default NULL,
  `istrue` int(11) default NULL,
  `user_id` int(11) default NULL,
  `exam_id` int(11) default NULL,
  `paper_id` int(11) default NULL,
  PRIMARY KEY  (`title_id`),
  KEY `tbl_title_ibfk1` (`user_id`),
  KEY `tbl_title_ibfk2` (`exam_id`),
  KEY `tbl_title_ibfk3` (`paper_id`),
  CONSTRAINT `tbl_title_ibfk1` FOREIGN KEY (`user_id`) REFERENCES `tbl_user` (`user_id`),
  CONSTRAINT `tbl_title_ibfk2` FOREIGN KEY (`exam_id`) REFERENCES `tbl_exam` (`exam_id`),
  CONSTRAINT `tbl_title_ibfk3` FOREIGN KEY (`paper_id`) REFERENCES `tbl_paper` (`paper_id`)
) ENGINE=InnoDB DEFAULT CHARSET=utf8 COLLATE=utf8_unicode_ci;

/*Data for the table `tbl_title` */

insert  into `tbl_title`(`title_id`,`title_result`,`istrue`,`user_id`,`exam_id`,`paper_id`) values (165,NULL,0,16,1,45),(166,NULL,0,16,2,45),(167,'B',1,16,3,45),(168,NULL,0,16,5,45),(169,NULL,0,16,6,45),(170,NULL,0,16,11,45),(171,'C',1,16,12,45),(172,NULL,0,16,13,45),(173,NULL,0,16,17,45),(174,'C',0,30,1,46),(175,'A',0,30,2,46),(176,'B',1,30,3,46),(177,'D',1,30,5,46),(178,'B',1,30,6,46),(179,'B',0,30,11,46),(180,'A',0,30,12,46),(181,'B',1,30,13,46),(182,'C',0,30,17,46),(183,'ABC',0,30,4,46),(184,'AC',0,30,7,46),(185,'ABCD',1,30,8,46),(186,'ACD',0,30,9,46),(187,'BCD',1,30,10,46),(188,'ACD',0,30,14,46),(189,'ABCD',0,30,15,46),(190,'ABCD',0,30,16,46),(191,'AD',0,30,18,46),(192,'BD',0,30,19,46),(193,'ABCD',1,30,20,46),(194,'AD',0,30,21,46),(195,'ABD',1,30,22,46),(196,'BCD',0,30,23,46),(197,'ABD',0,30,24,46),(198,'BCD',0,30,25,46),(199,'C',0,29,1,47),(200,'A',0,29,2,47),(201,'B',1,29,3,47),(202,'D',1,29,5,47),(203,'D',0,29,6,47),(204,'D',1,29,11,47),(205,'C',1,29,12,47),(206,'A',0,29,13,47),(207,'B',1,29,17,47),(208,'AB',1,29,4,47),(209,'AC',0,29,7,47),(210,'ABC',0,29,8,47),(211,'AC',0,29,9,47),(212,'BCD',1,29,10,47),(213,'ABCD',1,29,14,47),(214,'ABC',1,29,15,47),(215,'AB',0,29,18,47),(216,'ABC',0,29,20,47),(217,'AC',0,29,21,47),(218,'ABD',1,29,22,47),(219,'BCD',0,29,23,47),(220,'ACD',1,29,24,47),(221,'BC',1,29,25,47),(222,'C',0,21,1,48),(223,'C',1,21,2,48),(224,'B',1,21,3,48),(225,'D',1,21,5,48),(226,'D',0,21,6,48),(227,'D',1,21,11,48),(228,'C',1,21,12,48),(229,'A',0,21,13,48),(230,'B',1,21,17,48),(231,'AB',1,21,4,48),(232,'AC',0,21,7,48),(233,'CD',0,21,8,48),(234,'AC',0,21,9,48),(235,'BCD',1,21,10,48),(236,'ABCD',1,21,14,48),(237,'ABC',1,21,15,48),(238,'ACD',1,21,16,48),(239,'ABCD',1,21,18,48),(240,'ABD',0,21,19,48),(241,'ABCD',1,21,20,48),(242,'ABCD',0,21,21,48),(243,'ABD',1,21,22,48),(244,'ABCD',1,21,23,48),(245,'BCD',0,21,24,48),(246,'BC',1,21,25,48),(247,'C',0,28,1,49),(248,'C',1,28,2,49),(249,'B',1,28,3,49),(250,'D',1,28,5,49),(251,'D',0,28,6,49),(252,'D',1,28,11,49),(253,'A',0,28,12,49),(254,'A',0,28,13,49),(255,'C',0,28,17,49),(256,'AB',1,28,4,49),(257,'AC',0,28,7,49),(258,'ABCD',1,28,8,49),(259,'ACD',0,28,9,49),(260,'BCD',1,28,10,49),(261,'ACD',0,28,14,49),(262,'ABC',1,28,15,49),(263,'BCD',0,28,16,49),(264,'ABCD',1,28,18,49),(265,'ABD',0,28,19,49),(266,'ABCD',1,28,20,49),(267,'AC',0,28,21,49),(268,'ABD',1,28,22,49),(269,'ABCD',1,28,23,49),(270,'ACD',1,28,24,49),(271,'BC',1,28,25,49),(272,'C',0,26,1,50),(273,'C',1,26,2,50),(274,'B',1,26,3,50),(275,'B',0,26,5,50),(276,'D',0,26,6,50),(277,'D',1,26,11,50),(278,'C',1,26,12,50),(279,'D',0,26,13,50),(280,'B',1,26,17,50),(281,'C',0,18,1,50),(282,'C',1,18,2,50),(283,'B',1,18,3,50),(284,'B',0,18,5,50),(285,'D',0,18,6,50),(286,'D',1,18,11,50),(287,'C',1,18,12,50),(288,'D',0,18,13,50),(289,'B',1,18,17,50),(290,'AB',1,26,4,50),(291,'AC',0,26,7,50),(292,'ABCD',1,26,8,50),(293,'ABC',1,26,9,50),(294,'BCD',1,26,10,50),(295,'ABC',0,26,14,50),(296,'ABC',1,26,15,50),(297,'ACD',1,26,16,50),(298,'ABD',0,26,18,50),(299,'AB',0,26,19,50),(300,'ABCD',1,26,20,50),(301,'AC',0,26,21,50),(302,'ABD',1,26,22,50),(303,'ABCD',1,26,23,50),(304,'ACD',1,26,24,50),(305,'BC',1,26,25,50),(306,'AB',1,18,4,50),(307,'AC',0,18,7,50),(308,'ABCD',1,18,8,50),(309,'ABC',1,18,9,50),(310,'BCD',1,18,10,50),(311,'ABC',0,18,14,50),(312,'ABC',1,18,15,50),(313,'ACD',1,18,16,50),(314,'ABD',0,18,18,50),(315,'AB',0,18,19,50),(316,'ABCD',1,18,20,50),(317,'AC',0,18,21,50),(318,'ABD',1,18,22,50),(319,'ABCD',1,18,23,50),(320,'ACD',1,18,24,50),(321,'BC',1,18,25,50),(322,'C',0,20,1,52),(323,'C',1,20,2,52),(324,'B',1,20,3,52),(325,'B',0,20,5,52),(326,'D',0,20,6,52),(327,'D',1,20,11,52),(328,'C',1,20,12,52),(329,'B',1,20,13,52),(330,'B',1,20,17,52),(331,'AB',1,20,4,52),(332,'AC',0,20,7,52),(333,'ABCD',1,20,8,52),(334,'ABC',1,20,9,52),(335,'BCD',1,20,10,52),(336,'ABCD',1,20,14,52),(337,'ABC',1,20,15,52),(338,'ACD',1,20,16,52),(339,'ABD',0,20,18,52),(340,'ABCD',1,20,19,52),(341,'AD',0,20,20,52),(342,'AC',0,20,21,52),(343,'ABCD',1,20,23,52),(344,'ACD',1,20,24,52),(345,'C',0,20,25,52),(346,'C',0,27,1,53),(347,'C',1,27,2,53),(348,'B',1,27,3,53),(349,'D',1,27,5,53),(350,'D',0,27,6,53),(351,'D',1,27,11,53),(352,'C',1,27,12,53),(353,'D',0,27,13,53),(354,'D',0,27,17,53),(355,'AB',1,27,4,53),(356,'AC',0,27,7,53),(357,'ABCD',1,27,8,53),(358,'AC',0,27,9,53),(359,'BCD',1,27,10,53),(360,'ABC',0,27,14,53),(361,'ABC',1,27,15,53),(362,'ACD',1,27,16,53),(363,'BD',0,27,18,53),(364,'BD',0,27,19,53),(365,'ABCD',1,27,20,53),(366,'BC',0,27,21,53),(367,'ABD',1,27,22,53),(368,'ABCD',1,27,23,53),(369,'ABCD',0,27,24,53),(370,'BC',1,27,25,53),(371,'C',0,22,1,54),(372,'C',1,22,2,54),(373,'A',0,22,3,54),(374,'D',1,22,5,54),(375,'B',1,22,6,54),(376,'A',0,22,11,54),(377,'C',1,22,12,54),(378,'A',0,22,13,54),(379,'B',1,22,17,54),(380,'ABD',0,22,4,54),(381,'A',0,22,7,54),(382,'ACD',0,22,8,54),(383,'ABC',1,22,9,54),(384,'BCD',1,22,10,54),(385,'ABCD',1,22,14,54),(386,'C',0,22,15,54),(387,'ABC',0,22,16,54),(388,'ABD',0,22,18,54),(389,'ABD',0,22,19,54),(390,'ABCD',1,22,20,54),(391,'CD',0,22,21,54),(392,'ABD',1,22,22,54),(393,'BC',0,22,23,54),(394,'ACD',1,22,24,54),(395,'BC',1,22,25,54),(396,'C',0,19,1,55),(397,'C',1,19,2,55),(398,'B',1,19,3,55),(399,'D',1,19,5,55),(400,'B',1,19,6,55),(401,'D',1,19,11,55),(402,'C',1,19,12,55),(403,'A',0,19,13,55),(404,'B',1,19,17,55),(405,'AB',1,19,4,55),(406,'AC',0,19,7,55),(407,'ABCD',1,19,8,55),(408,'ABC',1,19,9,55),(409,'BCD',1,19,10,55),(410,'ABCD',1,19,14,55),(411,'ABC',1,19,15,55),(412,'ACD',1,19,16,55),(413,'ABC',0,19,18,55),(414,'ABD',0,19,19,55),(415,'ABCD',1,19,20,55),(416,'ABCD',0,19,21,55),(417,'ABD',1,19,22,55),(418,'ABCD',1,19,23,55),(419,'ACD',1,19,24,55),(420,'BC',1,19,25,55),(421,'C',0,25,1,56),(422,'C',1,25,2,56),(423,'B',1,25,3,56),(424,'D',1,25,5,56),(425,'B',1,25,6,56),(426,'A',0,25,11,56),(427,'C',1,25,12,56),(428,'A',0,25,13,56),(429,'B',1,25,17,56),(430,'AB',1,25,4,56),(431,'AC',0,25,7,56),(432,'ABCD',1,25,8,56),(433,'ABC',1,25,9,56),(434,'BCD',1,25,10,56),(435,'ABCD',1,25,14,56),(436,'ABC',1,25,15,56),(437,'CD',0,25,16,56),(438,'AB',0,25,18,56),(439,'ABCD',1,25,19,56),(440,'ABCD',1,25,20,56),(441,'ABC',1,25,21,56),(442,'ABD',1,25,22,56),(443,'ABCD',1,25,23,56),(444,'ABCD',0,25,24,56),(445,'BC',1,25,25,56),(446,'C',0,32,1,57),(447,'A',0,32,2,57),(448,'A',0,32,3,57),(449,'D',1,32,5,57),(450,'B',1,32,6,57),(451,'A',0,32,11,57),(452,'C',1,32,12,57),(453,NULL,0,32,13,57),(454,'B',1,32,17,57),(455,'AB',1,32,4,57),(456,'AC',0,32,7,57),(457,'ACD',0,32,8,57),(458,'ABC',1,32,9,57),(459,'BCD',1,32,10,57),(460,'ACD',0,32,14,57),(461,'C',0,32,15,57),(462,'ACD',1,32,16,57),(463,'ABCD',1,32,18,57),(464,'ABCD',1,32,19,57),(465,'ABCD',1,32,20,57),(466,'AC',0,32,21,57),(467,'BC',0,32,22,57),(468,'ABCD',1,32,23,57),(469,'ABC',0,32,24,57),(470,'BC',1,32,25,57),(471,'C',0,24,1,58),(472,'C',1,24,2,58),(473,'A',0,24,3,58),(474,'B',0,24,5,58),(475,'B',1,24,6,58),(476,'A',0,24,11,58),(477,'B',0,24,12,58),(478,'B',1,24,13,58),(479,'B',1,24,17,58),(480,'AB',1,24,4,58),(481,'AC',0,24,7,58),(482,'ACD',0,24,8,58),(483,'ABC',1,24,9,58),(484,'BCD',1,24,10,58),(485,'ABCD',1,24,14,58),(486,'ABC',1,24,15,58),(487,'ACD',1,24,16,58),(488,'ABD',0,24,18,58),(489,'ABCD',1,24,19,58),(490,'ABCD',1,24,20,58),(491,'AB',0,24,21,58),(492,'ABD',1,24,22,58),(493,'ABCD',1,24,23,58),(494,'ABCD',0,24,24,58),(495,'BC',1,24,25,58),(496,'A',0,23,1,59),(497,'C',1,23,2,59),(498,'A',0,23,3,59),(499,'D',1,23,5,59),(500,'D',0,23,6,59),(501,'A',0,23,11,59),(502,'C',1,23,12,59),(503,'B',1,23,13,59),(504,'B',1,23,17,59),(505,'ABC',0,23,4,59),(506,'AC',0,23,7,59),(507,'ABCD',1,23,8,59),(508,'AB',0,23,9,59),(509,'BCD',1,23,10,59),(510,'ABCD',1,23,14,59),(511,'ABC',1,23,15,59),(512,'ACD',1,23,16,59),(513,'ABCD',1,23,19,59),(514,'ABD',1,23,22,59),(515,'ABCD',1,23,23,59);

/*Table structure for table `tbl_user` */

DROP TABLE IF EXISTS `tbl_user`;

CREATE TABLE `tbl_user` (
  `user_id` int(32) NOT NULL auto_increment COMMENT '用户id',
  `user_code` varchar(32) NOT NULL COMMENT '用户账号',
  `user_name` varchar(64) NOT NULL COMMENT '用户名称',
  `user_password` varchar(32) NOT NULL COMMENT '用户密码',
  `user_state` char(1) NOT NULL COMMENT '1:正常,0:暂停',
  PRIMARY KEY  (`user_id`)
) ENGINE=InnoDB DEFAULT CHARSET=utf8;

/*Data for the table `tbl_user` */

insert  into `tbl_user`(`user_id`,`user_code`,`user_name`,`user_password`,`user_state`) values (1,'m01','mask','123','1'),(2,'m02','hehe','123','1'),(11,'m02','林琼玉','123','1'),(16,'m03','测试1','123','1'),(17,'m03','刘思思1','123456','1'),(18,'m03','霍伟坚1','123456','1'),(19,'m03','陈惠枝1','123456','1'),(20,'m03','李铖浚1','123456','1'),(21,'m03','王丽华1','123456','1'),(22,'m03','彭伟斌1','123456','1'),(23,'m03','刘宇轩1','123456','1'),(24,'m03','黄嗣宗1','123456','1'),(25,'m03','颜敏霞1','123456','1'),(26,'m03','何绍良1','123456','1'),(27,'m03','符晓霞1','123456','1'),(28,'m03','陈能娟1','123456','1'),(29,'m03','刘晓媚1','123456','1'),(30,'m03','陈小君1','123456','1'),(31,'m03','陈洁莹1','123456','1'),(32,'m03','黄嘉敏1','123456','1');

/*!40101 SET SQL_MODE=@OLD_SQL_MODE */;
/*!40014 SET FOREIGN_KEY_CHECKS=@OLD_FOREIGN_KEY_CHECKS */;
/*!40014 SET UNIQUE_CHECKS=@OLD_UNIQUE_CHECKS */;
/*!40111 SET SQL_NOTES=@OLD_SQL_NOTES */;
